municipality,state,population,likely_website,likely_email,alt_emails,score,priority,target_persona,pain_points,value_proposition,next_action
"Laurinburg city, North Carolina",North Carolina,14978,"https://www.laurinburg,northcarolina.northcarolina.gov","clerk@laurinburg,northcarolina.gov","info@laurinburg,northcarolina.gov; mayor@laurinburg,northcarolina.gov; citymanager@laurinburg,northcarolina.gov",60,Low,City Clerk / IT Director,"Outdated website, manual processes, poor mobile experience","Modern government website with citizen portal, mobile-first design, easy content management",Send personalized email with demo link
"California City city, California",California,14973,"https://www.californiacity,california.california.gov","clerk@californiacity,california.gov","info@californiacity,california.gov; mayor@californiacity,california.gov; citymanager@californiacity,california.gov",60,Low,City Clerk / IT Director,"Outdated website, manual processes, poor mobile experience","Modern government website with citizen portal, mobile-first design, easy content management",Send personalized email with demo link
"Hereford city, Texas",Texas,14972,"https://www.hereford,texas.texas.gov","clerk@hereford,texas.gov","info@hereford,texas.gov; mayor@hereford,texas.gov; citymanager@hereford,texas.gov",50,Low,City Clerk / IT Director,"Outdated website, manual processes, poor mobile experience","Modern government website with citizen portal, mobile-first design, easy content management",Send personalized email with demo link
"Palmer Ranch CDP, Florida",Florida,14966,"https://www.palmerranch,florida.florida.gov","clerk@palmerranch,florida.gov","info@palmerranch,florida.gov; mayor@palmerranch,florida.gov; citymanager@palmerranch,florida.gov",50,Low,City Clerk / IT Director,"Outdated website, manual processes, poor mobile experience","Modern government website with citizen portal, mobile-first design, easy content management",Send personalized email with demo link
"West University Place city, Texas",Texas,14955,"https://www.westuniversityplace,texas.texas.gov","clerk@westuniversityplace,texas.gov","info@westuniversityplace,texas.gov; mayor@westuniversityplace,texas.gov; citymanager@westuniversityplace,texas.gov",50,Low,City Clerk / IT Director,"Outdated website, manual processes, poor mobile experience","Modern government website with citizen portal, mobile-first design, easy content management",Send personalized email with demo link
"Gladeview CDP, Florida",Florida,14927,"https://www.gladeview,florida.florida.gov","clerk@gladeview,florida.gov","info@gladeview,florida.gov; mayor@gladeview,florida.gov; citymanager@gladeview,florida.gov",50,Low,City Clerk / IT Director,"Outdated website, manual processes, poor mobile experience","Modern government website with citizen portal, mobile-first design, easy content management",Send personalized email with demo link
"Oldsmar city, Florida",Florida,14898,"https://www.oldsmar,florida.florida.gov","clerk@oldsmar,florida.gov","info@oldsmar,florida.gov; mayor@oldsmar,florida.gov; citymanager@oldsmar,florida.gov",50,Low,City Clerk / IT Director,"Outdated website, manual processes, poor mobile experience","Modern government website with citizen portal, mobile-first design, easy content management",Send personalized email with demo link
"Canyon city, Texas",Texas,14836,"https://www.canyon,texas.texas.gov","clerk@canyon,texas.gov","info@canyon,texas.gov; mayor@canyon,texas.gov; citymanager@canyon,texas.gov",50,Low,City Clerk / IT Director,"Outdated website, manual processes, poor mobile experience","Modern government website with citizen portal, mobile-first design, easy content management",Send personalized email with demo link
"Mineral Wells city, Texas",Texas,14820,"https://www.mineralwells,texas.texas.gov","clerk@mineralwells,texas.gov","info@mineralwells,texas.gov; mayor@mineralwells,texas.gov; citymanager@mineralwells,texas.gov",50,Low,City Clerk / IT Director,"Outdated website, manual processes, poor mobile experience","Modern government website with citizen portal, mobile-first design, easy content management",Send personalized email with demo link
"Key Biscayne village, Florida",Florida,14809,"https://www.keybiscaynevillage,florida.florida.gov","clerk@keybiscaynevillage,florida.gov","info@keybiscaynevillage,florida.gov; mayor@keybiscaynevillage,florida.gov; citymanager@keybiscaynevillage,florida.gov",50,Low,City Clerk / IT Director,"Outdated website, manual processes, poor mobile experience","Modern government website with citizen portal, mobile-first design, easy content management",Send personalized email with demo link
"Red Bluff city, California",California,14710,"https://www.redbluff,california.california.gov","clerk@redbluff,california.gov","info@redbluff,california.gov; mayor@redbluff,california.gov; citymanager@redbluff,california.gov",60,Low,City Clerk / IT Director,"Outdated website, manual processes, poor mobile experience","Modern government website with citizen portal, mobile-first design, easy content management",Send personalized email with demo link
"Coto de Caza CDP, California",California,14710,"https://www.cotodecaza,california.california.gov","clerk@cotodecaza,california.gov","info@cotodecaza,california.gov; mayor@cotodecaza,california.gov; citymanager@cotodecaza,california.gov",60,Low,City Clerk / IT Director,"Outdated website, manual processes, poor mobile experience","Modern government website with citizen portal, mobile-first design, easy content management",Send personalized email with demo link
"Alpine CDP, California",California,14696,"https://www.alpine,california.california.gov","clerk@alpine,california.gov","info@alpine,california.gov; mayor@alpine,california.gov; citymanager@alpine,california.gov",60,Low,City Clerk / IT Director,"Outdated website, manual processes, poor mobile experience","Modern government website with citizen portal, mobile-first design, easy content management",Send personalized email with demo link
"Falls Church city, Virginia",Virginia,14658,"https://www.fallschurch,virginia.virginia.gov","clerk@fallschurch,virginia.gov","info@fallschurch,virginia.gov; mayor@fallschurch,virginia.gov; citymanager@fallschurch,virginia.gov",60,Low,City Clerk / IT Director,"Outdated website, manual processes, poor mobile experience","Modern government website with citizen portal, mobile-first design, easy content management",Send personalized email with demo link
"Forest City CDP, Florida",Florida,14623,"https://www.forestcity,florida.florida.gov","clerk@forestcity,florida.gov","info@forestcity,florida.gov; mayor@forestcity,florida.gov; citymanager@forestcity,florida.gov",50,Low,City Clerk / IT Director,"Outdated website, manual processes, poor mobile experience","Modern government website with citizen portal, mobile-first design, easy content management",Send personalized email with demo link
"Gonzalez CDP, Florida",Florida,14586,"https://www.gonzalez,florida.florida.gov","clerk@gonzalez,florida.gov","info@gonzalez,florida.gov; mayor@gonzalez,florida.gov; citymanager@gonzalez,florida.gov",50,Low,City Clerk / IT Director,"Outdated website, manual processes, poor mobile experience","Modern government website with citizen portal, mobile-first design, easy content management",Send personalized email with demo link
"Reidsville city, North Carolina",North Carolina,14583,"https://www.reidsville,northcarolina.northcarolina.gov","clerk@reidsville,northcarolina.gov","info@reidsville,northcarolina.gov; mayor@reidsville,northcarolina.gov; citymanager@reidsville,northcarolina.gov",60,Low,City Clerk / IT Director,"Outdated website, manual processes, poor mobile experience","Modern government website with citizen portal, mobile-first design, easy content management",Send personalized email with demo link
"Parlier city, California",California,14576,"https://www.parlier,california.california.gov","clerk@parlier,california.gov","info@parlier,california.gov; mayor@parlier,california.gov; citymanager@parlier,california.gov",60,Low,City Clerk / IT Director,"Outdated website, manual processes, poor mobile experience","Modern government website with citizen portal, mobile-first design, easy content management",Send personalized email with demo link
"Elfers CDP, Florida",Florida,14573,"https://www.elfers,florida.florida.gov","clerk@elfers,florida.gov","info@elfers,florida.gov; mayor@elfers,florida.gov; citymanager@elfers,florida.gov",50,Low,City Clerk / IT Director,"Outdated website, manual processes, poor mobile experience","Modern government website with citizen portal, mobile-first design, easy content management",Send personalized email with demo link
"Elk Plain CDP, Washington",Washington,14534,"https://www.elkplain,washington.washington.gov","clerk@elkplain,washington.gov","info@elkplain,washington.gov; mayor@elkplain,washington.gov; citymanager@elkplain,washington.gov",60,Low,City Clerk / IT Director,"Outdated website, manual processes, poor mobile experience","Modern government website with citizen portal, mobile-first design, easy content management",Send personalized email with demo link
"Frederick town, Colorado",Colorado,14513,"https://www.frederick,colorado.colorado.gov","clerk@frederick,colorado.gov","info@frederick,colorado.gov; mayor@frederick,colorado.gov; citymanager@frederick,colorado.gov",60,Low,City Clerk / IT Director,"Outdated website, manual processes, poor mobile experience","Modern government website with citizen portal, mobile-first design, easy content management",Send personalized email with demo link
"Dumas city, Texas",Texas,14501,"https://www.dumas,texas.texas.gov","clerk@dumas,texas.gov","info@dumas,texas.gov; mayor@dumas,texas.gov; citymanager@dumas,texas.gov",50,Low,City Clerk / IT Director,"Outdated website, manual processes, poor mobile experience","Modern government website with citizen portal, mobile-first design, easy content management",Send personalized email with demo link
"Lemon Hill CDP, California",California,14496,"https://www.lemonhill,california.california.gov","clerk@lemonhill,california.gov","info@lemonhill,california.gov; mayor@lemonhill,california.gov; citymanager@lemonhill,california.gov",60,Low,City Clerk / IT Director,"Outdated website, manual processes, poor mobile experience","Modern government website with citizen portal, mobile-first design, easy content management",Send personalized email with demo link
"Bellair-Meadowbrook Terrace CDP, Florida",Florida,14482,"https://www.bellair-meadowbrookterrace,florida.florida.gov","clerk@bellair-meadowbrookterrace,florida.gov","info@bellair-meadowbrookterrace,florida.gov; mayor@bellair-meadowbrookterrace,florida.gov; citymanager@bellair-meadowbrookterrace,florida.gov",50,Low,City Clerk / IT Director,"Outdated website, manual processes, poor mobile experience","Modern government website with citizen portal, mobile-first design, easy content management",Send personalized email with demo link
"Los Osos CDP, California",California,14465,"https://www.lososos,california.california.gov","clerk@lososos,california.gov","info@lososos,california.gov; mayor@lososos,california.gov; citymanager@lososos,california.gov",60,Low,City Clerk / IT Director,"Outdated website, manual processes, poor mobile experience","Modern government website with citizen portal, mobile-first design, easy content management",Send personalized email with demo link
"Piney Green CDP, North Carolina",North Carolina,14386,"https://www.pineygreen,northcarolina.northcarolina.gov","clerk@pineygreen,northcarolina.gov","info@pineygreen,northcarolina.gov; mayor@pineygreen,northcarolina.gov; citymanager@pineygreen,northcarolina.gov",60,Low,City Clerk / IT Director,"Outdated website, manual processes, poor mobile experience","Modern government website with citizen portal, mobile-first design, easy content management",Send personalized email with demo link
"Federal Heights city, Colorado",Colorado,14382,"https://www.federalheights,colorado.colorado.gov","clerk@federalheights,colorado.gov","info@federalheights,colorado.gov; mayor@federalheights,colorado.gov; citymanager@federalheights,colorado.gov",60,Low,City Clerk / IT Director,"Outdated website, manual processes, poor mobile experience","Modern government website with citizen portal, mobile-first design, easy content management",Send personalized email with demo link
"Lockhart city, Texas",Texas,14379,"https://www.lockhart,texas.texas.gov","clerk@lockhart,texas.gov","info@lockhart,texas.gov; mayor@lockhart,texas.gov; citymanager@lockhart,texas.gov",50,Low,City Clerk / IT Director,"Outdated website, manual processes, poor mobile experience","Modern government website with citizen portal, mobile-first design, easy content management",Send personalized email with demo link
"St. Augustine city, Florida",Florida,14329,"https://www.st.augustine,florida.florida.gov","clerk@st.augustine,florida.gov","info@st.augustine,florida.gov; mayor@st.augustine,florida.gov; citymanager@st.augustine,florida.gov",50,Low,City Clerk / IT Director,"Outdated website, manual processes, poor mobile experience","Modern government website with citizen portal, mobile-first design, easy content management",Send personalized email with demo link
"East Milton CDP, Florida",Florida,14309,"https://www.eastmilton,florida.florida.gov","clerk@eastmilton,florida.gov","info@eastmilton,florida.gov; mayor@eastmilton,florida.gov; citymanager@eastmilton,florida.gov",50,Low,City Clerk / IT Director,"Outdated website, manual processes, poor mobile experience","Modern government website with citizen portal, mobile-first design, easy content management",Send personalized email with demo link
"Homosassa Springs CDP, Florida",Florida,14283,"https://www.homosassasprings,florida.florida.gov","clerk@homosassasprings,florida.gov","info@homosassasprings,florida.gov; mayor@homosassasprings,florida.gov; citymanager@homosassasprings,florida.gov",50,Low,City Clerk / IT Director,"Outdated website, manual processes, poor mobile experience","Modern government website with citizen portal, mobile-first design, easy content management",Send personalized email with demo link
"Lone Tree city, Colorado",Colorado,14253,"https://www.lonetree,colorado.colorado.gov","clerk@lonetree,colorado.gov","info@lonetree,colorado.gov; mayor@lonetree,colorado.gov; citymanager@lonetree,colorado.gov",60,Low,City Clerk / IT Director,"Outdated website, manual processes, poor mobile experience","Modern government website with citizen portal, mobile-first design, easy content management",Send personalized email with demo link
"Mill Valley city, California",California,14231,"https://www.millvalley,california.california.gov","clerk@millvalley,california.gov","info@millvalley,california.gov; mayor@millvalley,california.gov; citymanager@millvalley,california.gov",60,Low,City Clerk / IT Director,"Outdated website, manual processes, poor mobile experience","Modern government website with citizen portal, mobile-first design, easy content management",Send personalized email with demo link
"Red Oak city, Texas",Texas,14222,"https://www.redoak,texas.texas.gov","clerk@redoak,texas.gov","info@redoak,texas.gov; mayor@redoak,texas.gov; citymanager@redoak,texas.gov",50,Low,City Clerk / IT Director,"Outdated website, manual processes, poor mobile experience","Modern government website with citizen portal, mobile-first design, easy content management",Send personalized email with demo link
"Yulee CDP, Florida",Florida,14195,"https://www.yulee,florida.florida.gov","clerk@yulee,florida.gov","info@yulee,florida.gov; mayor@yulee,florida.gov; citymanager@yulee,florida.gov",50,Low,City Clerk / IT Director,"Outdated website, manual processes, poor mobile experience","Modern government website with citizen portal, mobile-first design, easy content management",Send personalized email with demo link
"Livingston city, California",California,14172,"https://www.livingston,california.california.gov","clerk@livingston,california.gov","info@livingston,california.gov; mayor@livingston,california.gov; citymanager@livingston,california.gov",60,Low,City Clerk / IT Director,"Outdated website, manual processes, poor mobile experience","Modern government website with citizen portal, mobile-first design, easy content management",Send personalized email with demo link
"McFarland city, California",California,14161,"https://www.mcfarland,california.california.gov","clerk@mcfarland,california.gov","info@mcfarland,california.gov; mayor@mcfarland,california.gov; citymanager@mcfarland,california.gov",60,Low,City Clerk / IT Director,"Outdated website, manual processes, poor mobile experience","Modern government website with citizen portal, mobile-first design, easy content management",Send personalized email with demo link
"East Wenatchee city, Washington",Washington,14158,"https://www.eastwenatchee,washington.washington.gov","clerk@eastwenatchee,washington.gov","info@eastwenatchee,washington.gov; mayor@eastwenatchee,washington.gov; citymanager@eastwenatchee,washington.gov",60,Low,City Clerk / IT Director,"Outdated website, manual processes, poor mobile experience","Modern government website with citizen portal, mobile-first design, easy content management",Send personalized email with demo link
"Hawaiian Gardens city, California",California,14149,"https://www.hawaiiangardens,california.california.gov","clerk@hawaiiangardens,california.gov","info@hawaiiangardens,california.gov; mayor@hawaiiangardens,california.gov; citymanager@hawaiiangardens,california.gov",60,Low,City Clerk / IT Director,"Outdated website, manual processes, poor mobile experience","Modern government website with citizen portal, mobile-first design, easy content management",Send personalized email with demo link
"Azalea Park CDP, Florida",Florida,14141,"https://www.azaleapark,florida.florida.gov","clerk@azaleapark,florida.gov","info@azaleapark,florida.gov; mayor@azaleapark,florida.gov; citymanager@azaleapark,florida.gov",50,Low,City Clerk / IT Director,"Outdated website, manual processes, poor mobile experience","Modern government website with citizen portal, mobile-first design, easy content management",Send personalized email with demo link
"Snoqualmie city, Washington",Washington,14121,"https://www.snoqualmie,washington.washington.gov","clerk@snoqualmie,washington.gov","info@snoqualmie,washington.gov; mayor@snoqualmie,washington.gov; citymanager@snoqualmie,washington.gov",60,Low,City Clerk / IT Director,"Outdated website, manual processes, poor mobile experience","Modern government website with citizen portal, mobile-first design, easy content management",Send personalized email with demo link
"Lockhart CDP, Florida",Florida,14058,"https://www.lockhart,florida.florida.gov","clerk@lockhart,florida.gov","info@lockhart,florida.gov; mayor@lockhart,florida.gov; citymanager@lockhart,florida.gov",50,Low,City Clerk / IT Director,"Outdated website, manual processes, poor mobile experience","Modern government website with citizen portal, mobile-first design, easy content management",Send personalized email with demo link
"Fort Lewis CDP, Washington",Washington,14052,"https://www.fortlewis,washington.washington.gov","clerk@fortlewis,washington.gov","info@fortlewis,washington.gov; mayor@fortlewis,washington.gov; citymanager@fortlewis,washington.gov",60,Low,City Clerk / IT Director,"Outdated website, manual processes, poor mobile experience","Modern government website with citizen portal, mobile-first design, easy content management",Send personalized email with demo link
"Lamont CDP, California",California,14049,"https://www.lamont,california.california.gov","clerk@lamont,california.gov","info@lamont,california.gov; mayor@lamont,california.gov; citymanager@lamont,california.gov",60,Low,City Clerk / IT Director,"Outdated website, manual processes, poor mobile experience","Modern government website with citizen portal, mobile-first design, easy content management",Send personalized email with demo link
"El Sobrante CDP (Riverside County), California",California,14039,"https://www.elsobrante(riversidecounty),california.california.gov","clerk@elsobrante(riversidecounty),california.gov","info@elsobrante(riversidecounty),california.gov; mayor@elsobrante(riversidecounty),california.gov; citymanager@elsobrante(riversidecounty),california.gov",60,Low,City Clerk / IT Director,"Outdated website, manual processes, poor mobile experience","Modern government website with citizen portal, mobile-first design, easy content management",Send personalized email with demo link
"North Fair Oaks CDP, California",California,14027,"https://www.northfairoaks,california.california.gov","clerk@northfairoaks,california.gov","info@northfairoaks,california.gov; mayor@northfairoaks,california.gov; citymanager@northfairoaks,california.gov",60,Low,City Clerk / IT Director,"Outdated website, manual processes, poor mobile experience","Modern government website with citizen portal, mobile-first design, easy content management",Send personalized email with demo link
"Broadlands CDP, Virginia",Virginia,14021,"https://www.broadlands,virginia.virginia.gov","clerk@broadlands,virginia.gov","info@broadlands,virginia.gov; mayor@broadlands,virginia.gov; citymanager@broadlands,virginia.gov",60,Low,City Clerk / IT Director,"Outdated website, manual processes, poor mobile experience","Modern government website with citizen portal, mobile-first design, easy content management",Send personalized email with demo link
"Grass Valley city, California",California,14016,"https://www.grassvalley,california.california.gov","clerk@grassvalley,california.gov","info@grassvalley,california.gov; mayor@grassvalley,california.gov; citymanager@grassvalley,california.gov",60,Low,City Clerk / IT Director,"Outdated website, manual processes, poor mobile experience","Modern government website with citizen portal, mobile-first design, easy content management",Send personalized email with demo link
"Wells Branch CDP, Texas",Texas,14000,"https://www.wellsbranch,texas.texas.gov","clerk@wellsbranch,texas.gov","info@wellsbranch,texas.gov; mayor@wellsbranch,texas.gov; citymanager@wellsbranch,texas.gov",50,Low,City Clerk / IT Director,"Outdated website, manual processes, poor mobile experience","Modern government website with citizen portal, mobile-first design, easy content management",Send personalized email with demo link
"Jacksonville city, Texas",Texas,13997,"https://www.jacksonville,texas.texas.gov","clerk@jacksonville,texas.gov","info@jacksonville,texas.gov; mayor@jacksonville,texas.gov; citymanager@jacksonville,texas.gov",50,Low,City Clerk / IT Director,"Outdated website, manual processes, poor mobile experience","Modern government website with citizen portal, mobile-first design, easy content management",Send personalized email with demo link
"Bothell East CDP, Washington",Washington,13970,"https://www.bothelleast,washington.washington.gov","clerk@bothelleast,washington.gov","info@bothelleast,washington.gov; mayor@bothelleast,washington.gov; citymanager@bothelleast,washington.gov",60,Low,City Clerk / IT Director,"Outdated website, manual processes, poor mobile experience","Modern government website with citizen portal, mobile-first design, easy content management",Send personalized email with demo link
"Hidalgo city, Texas",Texas,13964,"https://www.hidalgo,texas.texas.gov","clerk@hidalgo,texas.gov","info@hidalgo,texas.gov; mayor@hidalgo,texas.gov; citymanager@hidalgo,texas.gov",50,Low,City Clerk / IT Director,"Outdated website, manual processes, poor mobile experience","Modern government website with citizen portal, mobile-first design, easy content management",Send personalized email with demo link
"Forest Hill city, Texas",Texas,13955,"https://www.foresthill,texas.texas.gov","clerk@foresthill,texas.gov","info@foresthill,texas.gov; mayor@foresthill,texas.gov; citymanager@foresthill,texas.gov",50,Low,City Clerk / IT Director,"Outdated website, manual processes, poor mobile experience","Modern government website with citizen portal, mobile-first design, easy content management",Send personalized email with demo link
"Destin city, Florida",Florida,13931,"https://www.destin,florida.florida.gov","clerk@destin,florida.gov","info@destin,florida.gov; mayor@destin,florida.gov; citymanager@destin,florida.gov",50,Low,City Clerk / IT Director,"Outdated website, manual processes, poor mobile experience","Modern government website with citizen portal, mobile-first design, easy content management",Send personalized email with demo link
"Melissa city, Texas",Texas,13901,"https://www.melissa,texas.texas.gov","clerk@melissa,texas.gov","info@melissa,texas.gov; mayor@melissa,texas.gov; citymanager@melissa,texas.gov",50,Low,City Clerk / IT Director,"Outdated website, manual processes, poor mobile experience","Modern government website with citizen portal, mobile-first design, easy content management",Send personalized email with demo link
"Oak Park CDP, California",California,13898,"https://www.oakpark,california.california.gov","clerk@oakpark,california.gov","info@oakpark,california.gov; mayor@oakpark,california.gov; citymanager@oakpark,california.gov",60,Low,City Clerk / IT Director,"Outdated website, manual processes, poor mobile experience","Modern government website with citizen portal, mobile-first design, easy content management",Send personalized email with demo link
"Salida CDP, California",California,13886,"https://www.salida,california.california.gov","clerk@salida,california.gov","info@salida,california.gov; mayor@salida,california.gov; citymanager@salida,california.gov",60,Low,City Clerk / IT Director,"Outdated website, manual processes, poor mobile experience","Modern government website with citizen portal, mobile-first design, easy content management",Send personalized email with demo link
"Miami Springs city, Florida",Florida,13859,"https://www.miamisprings,florida.florida.gov","clerk@miamisprings,florida.gov","info@miamisprings,florida.gov; mayor@miamisprings,florida.gov; citymanager@miamisprings,florida.gov",50,Low,City Clerk / IT Director,"Outdated website, manual processes, poor mobile experience","Modern government website with citizen portal, mobile-first design, easy content management",Send personalized email with demo link
"Phelan CDP, California",California,13859,"https://www.phelan,california.california.gov","clerk@phelan,california.gov","info@phelan,california.gov; mayor@phelan,california.gov; citymanager@phelan,california.gov",60,Low,City Clerk / IT Director,"Outdated website, manual processes, poor mobile experience","Modern government website with citizen portal, mobile-first design, easy content management",Send personalized email with demo link
"Minneola city, Florida",Florida,13843,"https://www.minneola,florida.florida.gov","clerk@minneola,florida.gov","info@minneola,florida.gov; mayor@minneola,florida.gov; citymanager@minneola,florida.gov",50,Low,City Clerk / IT Director,"Outdated website, manual processes, poor mobile experience","Modern government website with citizen portal, mobile-first design, easy content management",Send personalized email with demo link
"Auburn city, California",California,13776,"https://www.auburn,california.california.gov","clerk@auburn,california.gov","info@auburn,california.gov; mayor@auburn,california.gov; citymanager@auburn,california.gov",60,Low,City Clerk / IT Director,"Outdated website, manual processes, poor mobile experience","Modern government website with citizen portal, mobile-first design, easy content management",Send personalized email with demo link
"Huntington CDP, Virginia",Virginia,13749,"https://www.huntington,virginia.virginia.gov","clerk@huntington,virginia.gov","info@huntington,virginia.gov; mayor@huntington,virginia.gov; citymanager@huntington,virginia.gov",60,Low,City Clerk / IT Director,"Outdated website, manual processes, poor mobile experience","Modern government website with citizen portal, mobile-first design, easy content management",Send personalized email with demo link
"Sterling city, Colorado",Colorado,13735,"https://www.sterling,colorado.colorado.gov","clerk@sterling,colorado.gov","info@sterling,colorado.gov; mayor@sterling,colorado.gov; citymanager@sterling,colorado.gov",60,Low,City Clerk / IT Director,"Outdated website, manual processes, poor mobile experience","Modern government website with citizen portal, mobile-first design, easy content management",Send personalized email with demo link
"Brandermill CDP, Virginia",Virginia,13730,"https://www.brandermill,virginia.virginia.gov","clerk@brandermill,virginia.gov","info@brandermill,virginia.gov; mayor@brandermill,virginia.gov; citymanager@brandermill,virginia.gov",60,Low,City Clerk / IT Director,"Outdated website, manual processes, poor mobile experience","Modern government website with citizen portal, mobile-first design, easy content management",Send personalized email with demo link
"Cypress Lake CDP, Florida",Florida,13727,"https://www.cypresslake,florida.florida.gov","clerk@cypresslake,florida.gov","info@cypresslake,florida.gov; mayor@cypresslake,florida.gov; citymanager@cypresslake,florida.gov",50,Low,City Clerk / IT Director,"Outdated website, manual processes, poor mobile experience","Modern government website with citizen portal, mobile-first design, easy content management",Send personalized email with demo link
"Avenal city, California",California,13696,"https://www.avenal,california.california.gov","clerk@avenal,california.gov","info@avenal,california.gov; mayor@avenal,california.gov; citymanager@avenal,california.gov",60,Low,City Clerk / IT Director,"Outdated website, manual processes, poor mobile experience","Modern government website with citizen portal, mobile-first design, easy content management",Send personalized email with demo link
"Port Neches city, Texas",Texas,13692,"https://www.portneches,texas.texas.gov","clerk@portneches,texas.gov","info@portneches,texas.gov; mayor@portneches,texas.gov; citymanager@portneches,texas.gov",50,Low,City Clerk / IT Director,"Outdated website, manual processes, poor mobile experience","Modern government website with citizen portal, mobile-first design, easy content management",Send personalized email with demo link
"Trophy Club town, Texas",Texas,13688,"https://www.trophyclub,texas.texas.gov","clerk@trophyclub,texas.gov","info@trophyclub,texas.gov; mayor@trophyclub,texas.gov; citymanager@trophyclub,texas.gov",50,Low,City Clerk / IT Director,"Outdated website, manual processes, poor mobile experience","Modern government website with citizen portal, mobile-first design, easy content management",Send personalized email with demo link
"Beeville city, Texas",Texas,13669,"https://www.beeville,texas.texas.gov","clerk@beeville,texas.gov","info@beeville,texas.gov; mayor@beeville,texas.gov; citymanager@beeville,texas.gov",50,Low,City Clerk / IT Director,"Outdated website, manual processes, poor mobile experience","Modern government website with citizen portal, mobile-first design, easy content management",Send personalized email with demo link
"Lakeland North CDP, Washington",Washington,13663,"https://www.lakelandnorth,washington.washington.gov","clerk@lakelandnorth,washington.gov","info@lakelandnorth,washington.gov; mayor@lakelandnorth,washington.gov; citymanager@lakelandnorth,washington.gov",60,Low,City Clerk / IT Director,"Outdated website, manual processes, poor mobile experience","Modern government website with citizen portal, mobile-first design, easy content management",Send personalized email with demo link
"Manor city, Texas",Texas,13652,"https://www.manor,texas.texas.gov","clerk@manor,texas.gov","info@manor,texas.gov; mayor@manor,texas.gov; citymanager@manor,texas.gov",50,Low,City Clerk / IT Director,"Outdated website, manual processes, poor mobile experience","Modern government website with citizen portal, mobile-first design, easy content management",Send personalized email with demo link
"Artondale CDP, Washington",Washington,13641,"https://www.artondale,washington.washington.gov","clerk@artondale,washington.gov","info@artondale,washington.gov; mayor@artondale,washington.gov; citymanager@artondale,washington.gov",60,Low,City Clerk / IT Director,"Outdated website, manual processes, poor mobile experience","Modern government website with citizen portal, mobile-first design, easy content management",Send personalized email with demo link
"Anderson Creek CDP, North Carolina",North Carolina,13636,"https://www.andersoncreek,northcarolina.northcarolina.gov","clerk@andersoncreek,northcarolina.gov","info@andersoncreek,northcarolina.gov; mayor@andersoncreek,northcarolina.gov; citymanager@andersoncreek,northcarolina.gov",60,Low,City Clerk / IT Director,"Outdated website, manual processes, poor mobile experience","Modern government website with citizen portal, mobile-first design, easy content management",Send personalized email with demo link
"Lake Forest Park city, Washington",Washington,13630,"https://www.lakeforestpark,washington.washington.gov","clerk@lakeforestpark,washington.gov","info@lakeforestpark,washington.gov; mayor@lakeforestpark,washington.gov; citymanager@lakeforestpark,washington.gov",60,Low,City Clerk / IT Director,"Outdated website, manual processes, poor mobile experience","Modern government website with citizen portal, mobile-first design, easy content management",Send personalized email with demo link
"Seabrook city, Texas",Texas,13618,"https://www.seabrook,texas.texas.gov","clerk@seabrook,texas.gov","info@seabrook,texas.gov; mayor@seabrook,texas.gov; citymanager@seabrook,texas.gov",50,Low,City Clerk / IT Director,"Outdated website, manual processes, poor mobile experience","Modern government website with citizen portal, mobile-first design, easy content management",Send personalized email with demo link
"Conway CDP, Florida",Florida,13596,"https://www.conway,florida.florida.gov","clerk@conway,florida.gov","info@conway,florida.gov; mayor@conway,florida.gov; citymanager@conway,florida.gov",50,Low,City Clerk / IT Director,"Outdated website, manual processes, poor mobile experience","Modern government website with citizen portal, mobile-first design, easy content management",Send personalized email with demo link
"Lumberton city, Texas",Texas,13554,"https://www.lumberton,texas.texas.gov","clerk@lumberton,texas.gov","info@lumberton,texas.gov; mayor@lumberton,texas.gov; citymanager@lumberton,texas.gov",50,Low,City Clerk / IT Director,"Outdated website, manual processes, poor mobile experience","Modern government website with citizen portal, mobile-first design, easy content management",Send personalized email with demo link
"Rendon CDP, Texas",Texas,13533,"https://www.rendon,texas.texas.gov","clerk@rendon,texas.gov","info@rendon,texas.gov; mayor@rendon,texas.gov; citymanager@rendon,texas.gov",50,Low,City Clerk / IT Director,"Outdated website, manual processes, poor mobile experience","Modern government website with citizen portal, mobile-first design, easy content management",Send personalized email with demo link
"Atlantic Beach city, Florida",Florida,13513,"https://www.atlanticbeach,florida.florida.gov","clerk@atlanticbeach,florida.gov","info@atlanticbeach,florida.gov; mayor@atlanticbeach,florida.gov; citymanager@atlanticbeach,florida.gov",50,Low,City Clerk / IT Director,"Outdated website, manual processes, poor mobile experience","Modern government website with citizen portal, mobile-first design, easy content management",Send personalized email with demo link
"Naranja CDP, Florida",Florida,13509,"https://www.naranja,florida.florida.gov","clerk@naranja,florida.gov","info@naranja,florida.gov; mayor@naranja,florida.gov; citymanager@naranja,florida.gov",50,Low,City Clerk / IT Director,"Outdated website, manual processes, poor mobile experience","Modern government website with citizen portal, mobile-first design, easy content management",Send personalized email with demo link
"Royse City city, Texas",Texas,13508,"https://www.roysecity,texas.texas.gov","clerk@roysecity,texas.gov","info@roysecity,texas.gov; mayor@roysecity,texas.gov; citymanager@roysecity,texas.gov",50,Low,City Clerk / IT Director,"Outdated website, manual processes, poor mobile experience","Modern government website with citizen portal, mobile-first design, easy content management",Send personalized email with demo link
"Palmetto Estates CDP, Florida",Florida,13498,"https://www.palmettoestates,florida.florida.gov","clerk@palmettoestates,florida.gov","info@palmettoestates,florida.gov; mayor@palmettoestates,florida.gov; citymanager@palmettoestates,florida.gov",50,Low,City Clerk / IT Director,"Outdated website, manual processes, poor mobile experience","Modern government website with citizen portal, mobile-first design, easy content management",Send personalized email with demo link
"Andrews city, Texas",Texas,13487,"https://www.andrews,texas.texas.gov","clerk@andrews,texas.gov","info@andrews,texas.gov; mayor@andrews,texas.gov; citymanager@andrews,texas.gov",50,Low,City Clerk / IT Director,"Outdated website, manual processes, poor mobile experience","Modern government website with citizen portal, mobile-first design, easy content management",Send personalized email with demo link
"Martinsville city, Virginia",Virginia,13485,"https://www.martinsville,virginia.virginia.gov","clerk@martinsville,virginia.gov","info@martinsville,virginia.gov; mayor@martinsville,virginia.gov; citymanager@martinsville,virginia.gov",60,Low,City Clerk / IT Director,"Outdated website, manual processes, poor mobile experience","Modern government website with citizen portal, mobile-first design, easy content management",Send personalized email with demo link
"Kings Park West CDP, Virginia",Virginia,13465,"https://www.kingsparkwest,virginia.virginia.gov","clerk@kingsparkwest,virginia.gov","info@kingsparkwest,virginia.gov; mayor@kingsparkwest,virginia.gov; citymanager@kingsparkwest,virginia.gov",60,Low,City Clerk / IT Director,"Outdated website, manual processes, poor mobile experience","Modern government website with citizen portal, mobile-first design, easy content management",Send personalized email with demo link
"North Auburn CDP, California",California,13452,"https://www.northauburn,california.california.gov","clerk@northauburn,california.gov","info@northauburn,california.gov; mayor@northauburn,california.gov; citymanager@northauburn,california.gov",60,Low,City Clerk / IT Director,"Outdated website, manual processes, poor mobile experience","Modern government website with citizen portal, mobile-first design, easy content management",Send personalized email with demo link
"Goldenrod CDP, Florida",Florida,13431,"https://www.goldenrod,florida.florida.gov","clerk@goldenrod,florida.gov","info@goldenrod,florida.gov; mayor@goldenrod,florida.gov; citymanager@goldenrod,florida.gov",50,Low,City Clerk / IT Director,"Outdated website, manual processes, poor mobile experience","Modern government website with citizen portal, mobile-first design, easy content management",Send personalized email with demo link
"Fruita city, Colorado",Colorado,13395,"https://www.fruita,colorado.colorado.gov","clerk@fruita,colorado.gov","info@fruita,colorado.gov; mayor@fruita,colorado.gov; citymanager@fruita,colorado.gov",60,Low,City Clerk / IT Director,"Outdated website, manual processes, poor mobile experience","Modern government website with citizen portal, mobile-first design, easy content management",Send personalized email with demo link
"Lewisville town, North Carolina",North Carolina,13381,"https://www.lewisville,northcarolina.northcarolina.gov","clerk@lewisville,northcarolina.gov","info@lewisville,northcarolina.gov; mayor@lewisville,northcarolina.gov; citymanager@lewisville,northcarolina.gov",60,Low,City Clerk / IT Director,"Outdated website, manual processes, poor mobile experience","Modern government website with citizen portal, mobile-first design, easy content management",Send personalized email with demo link
"Kilgore city, Texas",Texas,13376,"https://www.kilgore,texas.texas.gov","clerk@kilgore,texas.gov","info@kilgore,texas.gov; mayor@kilgore,texas.gov; citymanager@kilgore,texas.gov",50,Low,City Clerk / IT Director,"Outdated website, manual processes, poor mobile experience","Modern government website with citizen portal, mobile-first design, easy content management",Send personalized email with demo link
"Azle city, Texas",Texas,13369,"https://www.azle,texas.texas.gov","clerk@azle,texas.gov","info@azle,texas.gov; mayor@azle,texas.gov; citymanager@azle,texas.gov",50,Low,City Clerk / IT Director,"Outdated website, manual processes, poor mobile experience","Modern government website with citizen portal, mobile-first design, easy content management",Send personalized email with demo link
"Palos Verdes Estates city, California",California,13347,"https://www.palosverdesestates,california.california.gov","clerk@palosverdesestates,california.gov","info@palosverdesestates,california.gov; mayor@palosverdesestates,california.gov; citymanager@palosverdesestates,california.gov",60,Low,City Clerk / IT Director,"Outdated website, manual processes, poor mobile experience","Modern government website with citizen portal, mobile-first design, easy content management",Send personalized email with demo link
"King City city, California",California,13332,"https://www.kingcity,california.california.gov","clerk@kingcity,california.gov","info@kingcity,california.gov; mayor@kingcity,california.gov; citymanager@kingcity,california.gov",60,Low,City Clerk / IT Director,"Outdated website, manual processes, poor mobile experience","Modern government website with citizen portal, mobile-first design, easy content management",Send personalized email with demo link
"Palmetto city, Florida",Florida,13323,"https://www.palmetto,florida.florida.gov","clerk@palmetto,florida.gov","info@palmetto,florida.gov; mayor@palmetto,florida.gov; citymanager@palmetto,florida.gov",50,Low,City Clerk / IT Director,"Outdated website, manual processes, poor mobile experience","Modern government website with citizen portal, mobile-first design, easy content management",Send personalized email with demo link
"Avocado Heights CDP, California",California,13317,"https://www.avocadoheights,california.california.gov","clerk@avocadoheights,california.gov","info@avocadoheights,california.gov; mayor@avocadoheights,california.gov; citymanager@avocadoheights,california.gov",60,Low,City Clerk / IT Director,"Outdated website, manual processes, poor mobile experience","Modern government website with citizen portal, mobile-first design, easy content management",Send personalized email with demo link
"Henderson city, Texas",Texas,13271,"https://www.henderson,texas.texas.gov","clerk@henderson,texas.gov","info@henderson,texas.gov; mayor@henderson,texas.gov; citymanager@henderson,texas.gov",50,Low,City Clerk / IT Director,"Outdated website, manual processes, poor mobile experience","Modern government website with citizen portal, mobile-first design, easy content management",Send personalized email with demo link
"Timberlake CDP, Virginia",Virginia,13267,"https://www.timberlake,virginia.virginia.gov","clerk@timberlake,virginia.gov","info@timberlake,virginia.gov; mayor@timberlake,virginia.gov; citymanager@timberlake,virginia.gov",60,Low,City Clerk / IT Director,"Outdated website, manual processes, poor mobile experience","Modern government website with citizen portal, mobile-first design, easy content management",Send personalized email with demo link
"Carpinteria city, California",California,13264,"https://www.carpinteria,california.california.gov","clerk@carpinteria,california.gov","info@carpinteria,california.gov; mayor@carpinteria,california.gov; citymanager@carpinteria,california.gov",60,Low,City Clerk / IT Director,"Outdated website, manual processes, poor mobile experience","Modern government website with citizen portal, mobile-first design, easy content management",Send personalized email with demo link
"Cheney city, Washington",Washington,13255,"https://www.cheney,washington.washington.gov","clerk@cheney,washington.gov","info@cheney,washington.gov; mayor@cheney,washington.gov; citymanager@cheney,washington.gov",60,Low,City Clerk / IT Director,"Outdated website, manual processes, poor mobile experience","Modern government website with citizen portal, mobile-first design, easy content management",Send personalized email with demo link
"Steamboat Springs city, Colorado",Colorado,13224,"https://www.steamboatsprings,colorado.colorado.gov","clerk@steamboatsprings,colorado.gov","info@steamboatsprings,colorado.gov; mayor@steamboatsprings,colorado.gov; citymanager@steamboatsprings,colorado.gov",60,Low,City Clerk / IT Director,"Outdated website, manual processes, poor mobile experience","Modern government website with citizen portal, mobile-first design, easy content management",Send personalized email with demo link
